,no_inhabitants,no_small_places,no_medium_places,no_large_places,no_very_large_places,no_cities,ratio_urban_inhabitants,avg_salary,entrepreneur_ratio,unemployment,crimes,cluster_number
0,0.092658139576085,-0.6591810267361977,-1.0943282249863815,-1.3559813159768,2.252266043779374,-0.5634550202671952,1.6070921148584225,1.0163434544657333,-0.9951700317434453,2.002585442429386,0.4901236811049581,0
1,-0.7127066163686797,1.107880983054154,-0.452716305225803,-0.08995453447511949,-0.7332959212304939,-0.5634550202671952,-0.5781832316966445,-0.8777846658946254,1.0646201956608594,-0.5293026353603835,-0.548146414252515,1
2,4.557557184061681,-1.527211487685844,-1.976544614657177,-1.609186672277136,-0.7332959212304939,-2.259398843645684,2.3930244763387534,1.3435780402400521,1.5795677525119356,-0.9852690565283397,4.91630315274138,2
3,-0.40651857436765865,1.1698831588362715,0.02849263459463091,-0.3431598907754556,0.261891400439462,0.2845168914220493,-0.22036036793324174,-0.8807327252259256,-1.8319598116264442,-0.4783250230558916,-0.6922637654699364,3
4,-0.12055017627420914,-0.03915926891502165,-0.37251481525573066,0.1632508218252166,1.257078722109418,1.556474758955916,0.6997555674583652,-0.9087392888732772,0.09909352656509159,-0.8323362196148638,-0.33920915849209815,4
5,1.0592354099084913,-1.0001929935378444,1.9533283938763666,1.429277603326897,0.261891400439462,0.2845168914220493,-0.39288210581916827,-0.35303010492319525,-1.6388544778072907,0.008794383409254427,0.20633095182407687,5
6,0.7158929212321934,0.7358679283614483,-0.29231332528565834,-0.08995453447511949,-0.7332959212304939,-0.13946906442257292,0.8786669993400664,0.6478360380532122,0.6140410834161678,-0.7983511447452025,0.07274272215678673,6
